adduser	3.137ubuntu1
apt	2.8.3
autoconf	2.71-3
automake	1:1.16.5-1.3ubuntu1
autotools-dev	20220109.1
base-files	13ubuntu10.4
base-passwd	3.6.3build1
bash	5.2.21-2ubuntu4
binutils	2.42-4ubuntu2.10
binutils-common:amd64	2.42-4ubuntu2.10
binutils-riscv64-linux-gnu	2.42-4ubuntu2.10
binutils-x86-64-linux-gnu	2.42-4ubuntu2.10
blt	2.5.3+dfsg-7build1
bsdutils	1:2.39.3-9ubuntu6.5
build-essential	12.10ubuntu1
bzip2	1.0.8-5.1ubuntu0.1
ca-certificates	20260601~24.04.1
cmake	3.28.3-1build7
cmake-data	3.28.3-1build7
coreutils	9.4-3ubuntu6.2
cpp	4:13.2.0-7ubuntu1
cpp-13	13.3.0-6ubuntu2~24.04.1
cpp-13-riscv64-linux-gnu	13.3.0-6ubuntu2~24.04.1cross1
cpp-13-x86-64-linux-gnu	13.3.0-6ubuntu2~24.04.1
cpp-riscv64-linux-gnu	4:13.2.0-7ubuntu1
cpp-x86-64-linux-gnu	4:13.2.0-7ubuntu1
curl	8.5.0-2ubuntu10.15
dash	0.5.12-6ubuntu5
debconf	1.5.86ubuntu1
debianutils	5.17build1
diffutils	1:3.10-1build1
dpkg	1.22.6ubuntu6.6
dpkg-dev	1.22.6ubuntu6.6
e2fsprogs	1.47.0-2.4~exp1ubuntu4.1
file	1:5.45-3build1
findutils	4.9.0-5build1
fontconfig	2.15.0-1.1ubuntu2
fontconfig-config	2.15.0-1.1ubuntu2
fonts-dejavu-core	2.37-8
fonts-dejavu-mono	2.37-8
fonts-lyx	2.4.0~RC3-1build4
g++	4:13.2.0-7ubuntu1
g++-13	13.3.0-6ubuntu2~24.04.1
g++-13-riscv64-linux-gnu	13.3.0-6ubuntu2~24.04.1cross1
g++-13-x86-64-linux-gnu	13.3.0-6ubuntu2~24.04.1
g++-riscv64-linux-gnu	4:13.2.0-7ubuntu1
g++-x86-64-linux-gnu	4:13.2.0-7ubuntu1
gcc	4:13.2.0-7ubuntu1
gcc-13	13.3.0-6ubuntu2~24.04.1
gcc-13-base:amd64	13.3.0-6ubuntu2~24.04.1
gcc-13-cross-base	13.3.0-6ubuntu2~24.04.1cross1
gcc-13-riscv64-linux-gnu	13.3.0-6ubuntu2~24.04.1cross1
gcc-13-riscv64-linux-gnu-base:amd64	13.3.0-6ubuntu2~24.04.1cross1
gcc-13-x86-64-linux-gnu	13.3.0-6ubuntu2~24.04.1
gcc-14-base:amd64	14.2.0-4ubuntu2~24.04.1
gcc-14-cross-base	14.2.0-4ubuntu2~24.04.1cross1
gcc-riscv64-linux-gnu	4:13.2.0-7ubuntu1
gcc-x86-64-linux-gnu	4:13.2.0-7ubuntu1
gdb	15.1-1ubuntu1~24.04.1
gfortran-13	13.3.0-6ubuntu2~24.04.1
gfortran-13-x86-64-linux-gnu	13.3.0-6ubuntu2~24.04.1
git	1:2.43.0-1ubuntu7.3
git-man	1:2.43.0-1ubuntu7.3
gpgv	2.4.4-2ubuntu17.4
graphviz	2.42.2-9ubuntu0.1
grep	3.11-4build1
gzip	1.12-1ubuntu3.2
hdf5-helpers	1.10.10+repack-3.1ubuntu4
hostname	3.23+nmu2ubuntu2
ibverbs-providers:amd64	50.0-2ubuntu0.2
icu-devtools	74.2-1ubuntu3.1
init-system-helpers	1.66ubuntu1
jq	1.7.1-3ubuntu0.24.04.2
libacl1:amd64	2.3.2-1build1.1
libaec-dev:amd64	1.1.2-1build1
libaec0:amd64	1.1.2-1build1
libamd-comgr2:amd64	6.0+git20231212.4510c28+dfsg-3build2
libamdhip64-5	5.7.1-3
libann0	1.1.2+doc-9build1
libaom3:amd64	3.8.2-2ubuntu0.2
libapt-pkg6.0t64:amd64	2.8.3
libarchive13t64:amd64	3.7.2-2ubuntu0.8
libasan8:amd64	14.2.0-4ubuntu2~24.04.1
libasan8-riscv64-cross	14.2.0-4ubuntu2~24.04.1cross1
libassuan0:amd64	2.5.6-1build1
libatomic1:amd64	14.2.0-4ubuntu2~24.04.1
libatomic1-riscv64-cross	14.2.0-4ubuntu2~24.04.1cross1
libattr1:amd64	1:2.5.2-1build1.1
libaudit-common	1:3.1.2-2.1build1.1
libaudit1:amd64	1:3.1.2-2.1build1.1
libbabeltrace1:amd64	1.5.11-3build3
libbinutils:amd64	2.42-4ubuntu2.10
libblas3:amd64	3.12.0-3build1.1
libblkid1:amd64	2.39.3-9ubuntu6.5
libboost-all-dev	1.83.0.1ubuntu2
libboost-atomic-dev:amd64	1.83.0.1ubuntu2
libboost-atomic1.83-dev:amd64	1.83.0-2.1ubuntu3.2
libboost-atomic1.83.0:amd64	1.83.0-2.1ubuntu3.2
libboost-chrono-dev:amd64	1.83.0.1ubuntu2
libboost-chrono1.83-dev:amd64	1.83.0-2.1ubuntu3.2
libboost-chrono1.83.0t64:amd64	1.83.0-2.1ubuntu3.2
libboost-container-dev:amd64	1.83.0.1ubuntu2
libboost-container1.83-dev:amd64	1.83.0-2.1ubuntu3.2
libboost-container1.83.0:amd64	1.83.0-2.1ubuntu3.2
libboost-context-dev:amd64	1.83.0.1ubuntu2
libboost-context1.83-dev:amd64	1.83.0-2.1ubuntu3.2
libboost-context1.83.0:amd64	1.83.0-2.1ubuntu3.2
libboost-coroutine-dev:amd64	1.83.0.1ubuntu2
libboost-coroutine1.83-dev:amd64	1.83.0-2.1ubuntu3.2
libboost-coroutine1.83.0:amd64	1.83.0-2.1ubuntu3.2
libboost-date-time-dev:amd64	1.83.0.1ubuntu2
libboost-date-time1.83-dev:amd64	1.83.0-2.1ubuntu3.2
libboost-date-time1.83.0:amd64	1.83.0-2.1ubuntu3.2
libboost-dev:amd64	1.83.0.1ubuntu2
libboost-exception-dev:amd64	1.83.0.1ubuntu2
libboost-exception1.83-dev:amd64	1.83.0-2.1ubuntu3.2
libboost-fiber-dev:amd64	1.83.0.1ubuntu2
libboost-fiber1.83-dev:amd64	1.83.0-2.1ubuntu3.2
libboost-fiber1.83.0:amd64	1.83.0-2.1ubuntu3.2
libboost-filesystem-dev:amd64	1.83.0.1ubuntu2
libboost-filesystem1.83-dev:amd64	1.83.0-2.1ubuntu3.2
libboost-filesystem1.83.0:amd64	1.83.0-2.1ubuntu3.2
libboost-graph-dev:amd64	1.83.0.1ubuntu2
libboost-graph-parallel-dev	1.83.0.1ubuntu2
libboost-graph-parallel1.83-dev	1.83.0-2.1ubuntu3.2
libboost-graph-parallel1.83.0	1.83.0-2.1ubuntu3.2
libboost-graph1.83-dev:amd64	1.83.0-2.1ubuntu3.2
libboost-graph1.83.0:amd64	1.83.0-2.1ubuntu3.2
libboost-iostreams-dev:amd64	1.83.0.1ubuntu2
libboost-iostreams1.83-dev:amd64	1.83.0-2.1ubuntu3.2
libboost-iostreams1.83.0:amd64	1.83.0-2.1ubuntu3.2
libboost-json-dev:amd64	1.83.0.1ubuntu2
libboost-json1.83-dev:amd64	1.83.0-2.1ubuntu3.2
libboost-json1.83.0:amd64	1.83.0-2.1ubuntu3.2
libboost-locale-dev:amd64	1.83.0.1ubuntu2
libboost-locale1.83-dev:amd64	1.83.0-2.1ubuntu3.2
libboost-locale1.83.0:amd64	1.83.0-2.1ubuntu3.2
libboost-log-dev	1.83.0.1ubuntu2
libboost-log1.83-dev	1.83.0-2.1ubuntu3.2
libboost-log1.83.0	1.83.0-2.1ubuntu3.2
libboost-math-dev:amd64	1.83.0.1ubuntu2
libboost-math1.83-dev:amd64	1.83.0-2.1ubuntu3.2
libboost-math1.83.0:amd64	1.83.0-2.1ubuntu3.2
libboost-mpi-dev	1.83.0.1ubuntu2
libboost-mpi-python-dev	1.83.0.1ubuntu2
libboost-mpi-python1.83-dev	1.83.0-2.1ubuntu3.2
libboost-mpi-python1.83.0	1.83.0-2.1ubuntu3.2
libboost-mpi1.83-dev	1.83.0-2.1ubuntu3.2
libboost-mpi1.83.0	1.83.0-2.1ubuntu3.2
libboost-nowide-dev	1.83.0.1ubuntu2
libboost-nowide1.83-dev	1.83.0-2.1ubuntu3.2
libboost-nowide1.83.0	1.83.0-2.1ubuntu3.2
libboost-numpy-dev	1.83.0.1ubuntu2
libboost-numpy1.83-dev	1.83.0-2.1ubuntu3.2
libboost-numpy1.83.0	1.83.0-2.1ubuntu3.2
libboost-program-options-dev:amd64	1.83.0.1ubuntu2
libboost-program-options1.83-dev:amd64	1.83.0-2.1ubuntu3.2
libboost-program-options1.83.0:amd64	1.83.0-2.1ubuntu3.2
libboost-python-dev	1.83.0.1ubuntu2
libboost-python1.83-dev	1.83.0-2.1ubuntu3.2
libboost-python1.83.0	1.83.0-2.1ubuntu3.2
libboost-random-dev:amd64	1.83.0.1ubuntu2
libboost-random1.83-dev:amd64	1.83.0-2.1ubuntu3.2
libboost-random1.83.0:amd64	1.83.0-2.1ubuntu3.2
libboost-regex-dev:amd64	1.83.0.1ubuntu2
libboost-regex1.83-dev:amd64	1.83.0-2.1ubuntu3.2
libboost-regex1.83.0:amd64	1.83.0-2.1ubuntu3.2
libboost-serialization-dev:amd64	1.83.0.1ubuntu2
libboost-serialization1.83-dev:amd64	1.83.0-2.1ubuntu3.2
libboost-serialization1.83.0:amd64	1.83.0-2.1ubuntu3.2
libboost-stacktrace-dev:amd64	1.83.0.1ubuntu2
libboost-stacktrace1.83-dev:amd64	1.83.0-2.1ubuntu3.2
libboost-stacktrace1.83.0:amd64	1.83.0-2.1ubuntu3.2
libboost-system-dev:amd64	1.83.0.1ubuntu2
libboost-system1.83-dev:amd64	1.83.0-2.1ubuntu3.2
libboost-system1.83.0:amd64	1.83.0-2.1ubuntu3.2
libboost-test-dev:amd64	1.83.0.1ubuntu2
libboost-test1.83-dev:amd64	1.83.0-2.1ubuntu3.2
libboost-test1.83.0:amd64	1.83.0-2.1ubuntu3.2
libboost-thread-dev:amd64	1.83.0.1ubuntu2
libboost-thread1.83-dev:amd64	1.83.0-2.1ubuntu3.2
libboost-thread1.83.0:amd64	1.83.0-2.1ubuntu3.2
libboost-timer-dev:amd64	1.83.0.1ubuntu2
libboost-timer1.83-dev:amd64	1.83.0-2.1ubuntu3.2
libboost-timer1.83.0:amd64	1.83.0-2.1ubuntu3.2
libboost-tools-dev	1.83.0.1ubuntu2
libboost-type-erasure-dev:amd64	1.83.0.1ubuntu2
libboost-type-erasure1.83-dev:amd64	1.83.0-2.1ubuntu3.2
libboost-type-erasure1.83.0:amd64	1.83.0-2.1ubuntu3.2
libboost-url-dev:amd64	1.83.0.1ubuntu2
libboost-url1.83-dev:amd64	1.83.0-2.1ubuntu3.2
libboost-url1.83.0:amd64	1.83.0-2.1ubuntu3.2
libboost-wave-dev:amd64	1.83.0.1ubuntu2
libboost-wave1.83-dev:amd64	1.83.0-2.1ubuntu3.2
libboost-wave1.83.0:amd64	1.83.0-2.1ubuntu3.2
libboost1.83-dev:amd64	1.83.0-2.1ubuntu3.2
libboost1.83-tools-dev	1.83.0-2.1ubuntu3.2
libbrotli1:amd64	1.1.0-2build2
libbsd0:amd64	0.12.1-1build1.1
libbz2-1.0:amd64	1.0.8-5.1ubuntu0.1
libc-bin	2.39-0ubuntu8.9
libc-dev-bin	2.39-0ubuntu8.9
libc6:amd64	2.39-0ubuntu8.9
libc6-dev:amd64	2.39-0ubuntu8.9
libc6-dev-riscv64-cross	2.39-0ubuntu8cross1
libc6-riscv64-cross	2.39-0ubuntu8cross1
libcairo2:amd64	1.18.0-3build1
libcap-ng0:amd64	0.8.4-2build2
libcap2:amd64	1:2.66-5ubuntu2.4
libcapstone-dev:amd64	4.0.2-5.1build1
libcapstone4:amd64	4.0.2-5.1build1
libcbor0.10:amd64	0.10.2-1.2ubuntu2
libcc1-0:amd64	14.2.0-4ubuntu2~24.04.1
libcdt5:amd64	2.42.2-9ubuntu0.1
libcgraph6:amd64	2.42.2-9ubuntu0.1
libcom-err2:amd64	1.47.0-2.4~exp1ubuntu4.1
libcrypt-dev:amd64	1:4.4.36-4build1
libcrypt1:amd64	1:4.4.36-4build1
libctf-nobfd0:amd64	2.42-4ubuntu2.10
libctf0:amd64	2.42-4ubuntu2.10
libcurl3t64-gnutls:amd64	8.5.0-2ubuntu10.15
libcurl4-openssl-dev:amd64	8.5.0-2ubuntu10.15
libcurl4t64:amd64	8.5.0-2ubuntu10.15
libdatrie1:amd64	0.2.13-3build1
libdb5.3t64:amd64	5.3.28+dfsg2-7
libdebconfclient0:amd64	0.271ubuntu3
libdebuginfod-common	0.190-1.1ubuntu0.1
libdebuginfod1t64:amd64	0.190-1.1ubuntu0.1
libdeflate0:amd64	1.19-1build1.1
libdpkg-perl	1.22.6ubuntu6.6
libdrm-amdgpu1:amd64	2.4.125-1ubuntu0.1~24.04.2
libdrm-common	2.4.125-1ubuntu0.1~24.04.2
libdrm2:amd64	2.4.125-1ubuntu0.1~24.04.2
libdw1t64:amd64	0.190-1.1ubuntu0.1
libedit2:amd64	3.1-20230828-1build1
libelf-dev:amd64	0.190-1.1ubuntu0.1
libelf1t64:amd64	0.190-1.1ubuntu0.1
liberror-perl	0.17029-2
libevent-2.1-7t64:amd64	2.1.12-stable-9ubuntu2.2
libevent-core-2.1-7t64:amd64	2.1.12-stable-9ubuntu2.2
libevent-dev	2.1.12-stable-9ubuntu2.2
libevent-extra-2.1-7t64:amd64	2.1.12-stable-9ubuntu2.2
libevent-openssl-2.1-7t64:amd64	2.1.12-stable-9ubuntu2.2
libevent-pthreads-2.1-7t64:amd64	2.1.12-stable-9ubuntu2.2
libexpat1:amd64	2.6.1-2ubuntu0.6
libexpat1-dev:amd64	2.6.1-2ubuntu0.6
libext2fs2t64:amd64	1.47.0-2.4~exp1ubuntu4.1
libfabric1:amd64	1.17.0-3build2
libffi8:amd64	3.4.6-1build1
libfido2-1:amd64	1.14.0-1build3
libfontconfig1:amd64	2.15.0-1.1ubuntu2
libfreetype6:amd64	2.13.2+dfsg-1ubuntu0.2
libfribidi0:amd64	1.0.13-3build1
libgcc-13-dev:amd64	13.3.0-6ubuntu2~24.04.1
libgcc-13-dev-riscv64-cross	13.3.0-6ubuntu2~24.04.1cross1
libgcc-s1:amd64	14.2.0-4ubuntu2~24.04.1
libgcc-s1-riscv64-cross	14.2.0-4ubuntu2~24.04.1cross1
libgcrypt20:amd64	1.10.3-2ubuntu0.1
libgd3:amd64	2.3.3-9ubuntu5
libgdbm-compat4t64:amd64	1.23-5.1build1
libgdbm6t64:amd64	1.23-5.1build1
libgfortran-13-dev:amd64	13.3.0-6ubuntu2~24.04.1
libgfortran5:amd64	14.2.0-4ubuntu2~24.04.1
libglib2.0-0t64:amd64	2.80.0-6ubuntu3.9
libgmp10:amd64	2:6.3.0+dfsg-2ubuntu6.1
libgnutls30t64:amd64	3.8.3-1.1ubuntu3.6
libgomp1:amd64	14.2.0-4ubuntu2~24.04.1
libgomp1-riscv64-cross	14.2.0-4ubuntu2~24.04.1cross1
libgoogle-perftools-dev:amd64	2.15-3build1
libgoogle-perftools4t64:amd64	2.15-3build1
libgpg-error0:amd64	1.47-3build2.1
libgprofng0:amd64	2.42-4ubuntu2.10
libgraphite2-3:amd64	1.3.14-2ubuntu0.24.04.1
libgssapi-krb5-2:amd64	1.20.1-6ubuntu2.10
libgts-0.7-5t64:amd64	0.7.6+darcs121130-5.2build1
libgvc6	2.42.2-9ubuntu0.1
libgvpr2:amd64	2.42.2-9ubuntu0.1
libharfbuzz0b:amd64	8.3.0-2build2
libhdf5-103-1t64:amd64	1.10.10+repack-3.1ubuntu4
libhdf5-cpp-103-1t64:amd64	1.10.10+repack-3.1ubuntu4
libhdf5-dev	1.10.10+repack-3.1ubuntu4
libhdf5-fortran-102t64:amd64	1.10.10+repack-3.1ubuntu4
libhdf5-hl-100t64:amd64	1.10.10+repack-3.1ubuntu4
libhdf5-hl-cpp-100t64:amd64	1.10.10+repack-3.1ubuntu4
libhdf5-hl-fortran-100t64:amd64	1.10.10+repack-3.1ubuntu4
libheif-plugin-aomdec:amd64	1.17.6-1ubuntu4.9
libheif1:amd64	1.17.6-1ubuntu4.9
libhogweed6t64:amd64	3.9.1-2.2build1.1
libhsa-runtime64-1	5.7.1-2build1
libhsakmt1:amd64	5.7.0-1build1
libhwasan0:amd64	14.2.0-4ubuntu2~24.04.1
libhwloc-dev:amd64	2.10.0-1build1
libhwloc-plugins:amd64	2.10.0-1build1
libhwloc15:amd64	2.10.0-1build1
libibverbs-dev:amd64	50.0-2ubuntu0.2
libibverbs1:amd64	50.0-2ubuntu0.2
libice6:amd64	2:1.0.10-1build3
libicu-dev:amd64	74.2-1ubuntu3.1
libicu74:amd64	74.2-1ubuntu3.1
libidn2-0:amd64	2.3.7-2build1.1
libimagequant0:amd64	2.18.0-1build1
libipt2	2.0.6-1build1
libisl23:amd64	0.26-3build1.1
libitm1:amd64	14.2.0-4ubuntu2~24.04.1
libitm1-riscv64-cross	14.2.0-4ubuntu2~24.04.1cross1
libjansson4:amd64	2.14-2build2
libjbig0:amd64	2.1-6.1ubuntu2
libjpeg-dev:amd64	8c-2ubuntu11
libjpeg-turbo8:amd64	2.1.5-2ubuntu2
libjpeg-turbo8-dev:amd64	2.1.5-2ubuntu2
libjpeg8:amd64	8c-2ubuntu11
libjpeg8-dev:amd64	8c-2ubuntu11
libjq1:amd64	1.7.1-3ubuntu0.24.04.2
libjs-jquery	3.6.1+dfsg+~3.5.14-1
libjs-jquery-ui	1.13.2+dfsg-1
libjs-sphinxdoc	7.2.6-6
libjs-underscore	1.13.4~dfsg+~1.11.4-3
libjsoncpp25:amd64	1.9.5-6build1
libk5crypto3:amd64	1.20.1-6ubuntu2.10
libkeyutils1:amd64	1.6.3-3build1
libkrb5-3:amd64	1.20.1-6ubuntu2.10
libkrb5support0:amd64	1.20.1-6ubuntu2.10
liblab-gamut1:amd64	2.42.2-9ubuntu0.1
liblapack3:amd64	3.12.0-3build1.1
liblbfgsb0:amd64	3.0+dfsg.4-1build1
liblcms2-2:amd64	2.14-2ubuntu0.1
libldap2:amd64	2.6.10+dfsg-0ubuntu0.24.04.1
liblerc4:amd64	4.0.0+ds-4ubuntu2
libllvm17t64:amd64	1:17.0.6-9ubuntu1
liblsan0:amd64	14.2.0-4ubuntu2~24.04.1
libltdl-dev:amd64	2.4.7-7build1
libltdl7:amd64	2.4.7-7build1
liblz4-1:amd64	1.9.4-1build1.1
liblzma-dev:amd64	5.6.1+really5.4.5-1ubuntu0.3
liblzma5:amd64	5.6.1+really5.4.5-1ubuntu0.3
libmagic-mgc	1:5.45-3build1
libmagic1t64:amd64	1:5.45-3build1
libmd0:amd64	1.1.0-2build1.1
libmount1:amd64	2.39.3-9ubuntu6.5
libmpc3:amd64	1.3.1-1build1.1
libmpfr6:amd64	4.2.1-1build1.1
libmunge2:amd64	0.5.15-4ubuntu0.1
libncursesw6:amd64	6.4+20240113-1ubuntu2.1
libnettle8t64:amd64	3.9.1-2.2build1.1
libnghttp2-14:amd64	1.59.0-1ubuntu0.4
libnl-3-200:amd64	3.7.0-0.3build1.1
libnl-3-dev:amd64	3.7.0-0.3build1.1
libnl-route-3-200:amd64	3.7.0-0.3build1.1
libnl-route-3-dev:amd64	3.7.0-0.3build1.1
libnpth0t64:amd64	1.6-3.1build1
libnuma-dev:amd64	2.0.18-1ubuntu0.24.04.1
libnuma1:amd64	2.0.18-1ubuntu0.24.04.1
libonig5:amd64	6.9.9-1build1
libopenjp2-7:amd64	2.5.0-2ubuntu0.5
libopenmpi-dev:amd64	4.1.6-7ubuntu2
libopenmpi3t64:amd64	4.1.6-7ubuntu2
libp11-kit0:amd64	0.25.3-4ubuntu2.1
libpam-modules:amd64	1.5.3-5ubuntu5.6
libpam-modules-bin	1.5.3-5ubuntu5.6
libpam-runtime	1.5.3-5ubuntu5.6
libpam0g:amd64	1.5.3-5ubuntu5.6
libpango-1.0-0:amd64	1.52.1+ds-1build1
libpangocairo-1.0-0:amd64	1.52.1+ds-1build1
libpangoft2-1.0-0:amd64	1.52.1+ds-1build1
libpathplan4:amd64	2.42.2-9ubuntu0.1
libpciaccess0:amd64	0.17-3ubuntu0.24.04.3
libpcre2-8-0:amd64	10.42-4ubuntu2.1
libperl5.38t64:amd64	5.38.2-3.2ubuntu0.6
libpixman-1-0:amd64	0.42.2-1build1
libpkgconf3:amd64	1.8.1-2build1
libpmix-dev:amd64	5.0.1-4.1build1
libpmix2t64:amd64	5.0.1-4.1build1
libpng-dev:amd64	1.6.43-5ubuntu0.6
libpng16-16t64:amd64	1.6.43-5ubuntu0.6
libproc2-0:amd64	2:4.0.4-4ubuntu3.2
libprotobuf-dev:amd64	3.21.12-8.2ubuntu0.3
libprotobuf-lite32t64:amd64	3.21.12-8.2ubuntu0.3
libprotobuf32t64:amd64	3.21.12-8.2ubuntu0.3
libprotoc-dev:amd64	3.21.12-8.2ubuntu0.3
libprotoc32t64:amd64	3.21.12-8.2ubuntu0.3
libpsl5t64:amd64	0.21.2-1.1build1
libpsm-infinipath1	3.3+20.604758e7-6.3build1
libpsm2-2	11.2.185-2build1
libpython3-dev:amd64	3.12.3-0ubuntu2.1
libpython3-stdlib:amd64	3.12.3-0ubuntu2.1
libpython3.12-dev:amd64	3.12.3-1ubuntu0.17
libpython3.12-minimal:amd64	3.12.3-1ubuntu0.17
libpython3.12-stdlib:amd64	3.12.3-1ubuntu0.17
libpython3.12t64:amd64	3.12.3-1ubuntu0.17
libqhull-r8.0:amd64	2020.2-6build1
libquadmath0:amd64	14.2.0-4ubuntu2~24.04.1
libraqm0:amd64	0.10.1-1build1
librdmacm1t64:amd64	50.0-2ubuntu0.2
libreadline8t64:amd64	8.2-4build1
librhash0:amd64	1.4.3-3build1
librtmp1:amd64	2.4+20151223.gitfa8646d.1-2build7
libsasl2-2:amd64	2.1.28+dfsg1-5ubuntu3.1
libsasl2-modules-db:amd64	2.1.28+dfsg1-5ubuntu3.1
libseccomp2:amd64	2.5.5-1ubuntu3.1
libselinux1:amd64	3.5-2ubuntu2.1
libsemanage-common	3.5-1build5
libsemanage2:amd64	3.5-1build5
libsepol2:amd64	3.5-2build1
libsframe1:amd64	2.42-4ubuntu2.10
libsharpyuv0:amd64	1.3.2-0.4build3
libsm6:amd64	2:1.2.3-1build3
libsmartcols1:amd64	2.39.3-9ubuntu6.5
libsource-highlight-common	3.1.9-4.3build1
libsource-highlight4t64:amd64	3.1.9-4.3build1
libsqlite3-0:amd64	3.45.1-1ubuntu2.8
libss2:amd64	1.47.0-2.4~exp1ubuntu4.1
libssh-4:amd64	0.10.6-2ubuntu0.5
libssl-dev:amd64	3.0.13-0ubuntu3.16
libssl3t64:amd64	3.0.13-0ubuntu3.16
libstdc++-13-dev:amd64	13.3.0-6ubuntu2~24.04.1
libstdc++-13-dev-riscv64-cross	13.3.0-6ubuntu2~24.04.1cross1
libstdc++6:amd64	14.2.0-4ubuntu2~24.04.1
libstdc++6-riscv64-cross	14.2.0-4ubuntu2~24.04.1cross1
libsystemd0:amd64	255.4-1ubuntu8.17
libsz2:amd64	1.1.2-1build1
libtasn1-6:amd64	4.19.0-3ubuntu0.24.04.2
libtcl8.6:amd64	8.6.14+dfsg-1build1
libtcmalloc-minimal4t64:amd64	2.15-3build1
libthai-data	0.1.29-2build1
libthai0:amd64	0.1.29-2build1
libtiff6:amd64	4.5.1+git230720-4ubuntu2.5
libtinfo6:amd64	6.4+20240113-1ubuntu2.1
libtk8.6:amd64	8.6.14-1build1
libtsan2:amd64	14.2.0-4ubuntu2~24.04.1
libubsan1:amd64	14.2.0-4ubuntu2~24.04.1
libubsan1-riscv64-cross	14.2.0-4ubuntu2~24.04.1cross1
libucx0:amd64	1.16.0+ds-5ubuntu1
libudev1:amd64	255.4-1ubuntu8.17
libunistring5:amd64	1.1-2build1.1
libunwind-dev:amd64	1.6.2-3build1.1
libunwind8:amd64	1.6.2-3build1.1
libuuid1:amd64	2.39.3-9ubuntu6.5
libuv1t64:amd64	1.48.0-1.1build1
libwebp7:amd64	1.3.2-0.4build3
libwebpdemux2:amd64	1.3.2-0.4build3
libwebpmux3:amd64	1.3.2-0.4build3
libx11-6:amd64	2:1.8.7-1build1
libx11-data	2:1.8.7-1build1
libxau6:amd64	1:1.0.9-1build6
libxaw7:amd64	2:1.0.14-1build2
libxcb-render0:amd64	1.15-1ubuntu2
libxcb-shm0:amd64	1.15-1ubuntu2
libxcb1:amd64	1.15-1ubuntu2
libxdmcp6:amd64	1:1.1.3-0ubuntu6
libxext6:amd64	2:1.3.4-1build2
libxft2:amd64	2.3.6-1build1
libxml2:amd64	2.9.14+dfsg-1.3ubuntu3.9
libxmu6:amd64	2:1.1.3-3build2
libxnvctrl0:amd64	510.47.03-0ubuntu4.24.04.1
libxpm4:amd64	1:3.5.17-1ubuntu0.24.04.2
libxrender1:amd64	1:0.9.10-1.1build1
libxslt1.1:amd64	1.1.39-0exp1ubuntu0.24.04.3
libxss1:amd64	1:1.2.3-1build3
libxt6t64:amd64	1:1.2.1-1.2build1
libxxhash0:amd64	0.8.2-2build1
libyaml-0-2:amd64	0.2.5-1build1
libzstd-dev:amd64	1.5.5+dfsg2-2build1.1
libzstd1:amd64	1.5.5+dfsg2-2build1.1
linux-libc-dev:amd64	6.8.0-146.146
linux-libc-dev-riscv64-cross	6.8.0-25.25cross1
login	1:4.13+dfsg1-4ubuntu3.2
logsave	1.47.0-2.4~exp1ubuntu4.1
lto-disabled-list	47
m4	1.4.19-4build1
make	4.3-4.1build2
mawk	1.3.4.20240123-1build1
media-types	10.1.0
mount	2.39.3-9ubuntu6.5
mpi-default-bin	1.15build1
mpi-default-dev	1.15build1
ncurses-base	6.4+20240113-1ubuntu2.1
ncurses-bin	6.4+20240113-1ubuntu2.1
netbase	6.4
ninja-build	1.11.1-2
ocl-icd-libopencl1:amd64	2.3.2-1build1
openmpi-bin	4.1.6-7ubuntu2
openmpi-common	4.1.6-7ubuntu2
openssh-client	1:9.6p1-3ubuntu13.19
openssl	3.0.13-0ubuntu3.16
passwd	1:4.13+dfsg1-4ubuntu3.2
patch	2.7.6-7build3
perl	5.38.2-3.2ubuntu0.6
perl-base	5.38.2-3.2ubuntu0.6
perl-modules-5.38	5.38.2-3.2ubuntu0.6
pkg-config:amd64	1.8.1-2build1
pkgconf:amd64	1.8.1-2build1
pkgconf-bin	1.8.1-2build1
procps	2:4.0.4-4ubuntu3.2
protobuf-compiler	3.21.12-8.2ubuntu0.3
python-matplotlib-data	3.6.3-1ubuntu5
python3	3.12.3-0ubuntu2.1
python3-appdirs	1.4.4-4
python3-attr	23.2.0-2
python3-brotli	1.1.0-2build2
python3-contourpy	1.0.7-2build1
python3-cycler	0.11.0-2
python3-dateutil	2.8.2-3ubuntu1
python3-decorator	5.1.1-5
python3-dev	3.12.3-0ubuntu2.1
python3-fonttools	4.46.0-1build2
python3-fs	2.4.16-3
python3-iniconfig	1.1.1-2
python3-kiwisolver	1.4.4-2build1
python3-lxml:amd64	5.2.1-1
python3-lz4	4.0.2+dfsg-1build4
python3-matplotlib	3.6.3-1ubuntu5
python3-minimal	3.12.3-0ubuntu2.1
python3-mpmath	1.2.1-3
python3-numpy	1:1.26.4+ds-6ubuntu1
python3-packaging	24.0-1
python3-pandas	2.1.4+dfsg-7
python3-pandas-lib:amd64	2.1.4+dfsg-7
python3-pil:amd64	10.2.0-1ubuntu1.3
python3-pil.imagetk:amd64	10.2.0-1ubuntu1.3
python3-pip	24.0+dfsg-1ubuntu1.3
python3-pip-whl	24.0+dfsg-1ubuntu1.3
python3-pkg-resources	68.1.2-2ubuntu1.2
python3-pluggy	1.4.0-1
python3-pydot	1.4.2-2
python3-pyparsing	3.1.1-1
python3-pytest	7.4.4-1
python3-scipy	1.11.4-6build1
python3-setuptools	68.1.2-2ubuntu1.2
python3-setuptools-whl	68.1.2-2ubuntu1.2
python3-six	1.16.0-4
python3-sympy	1.12-7
python3-tk:amd64	3.12.3-0ubuntu1
python3-tz	2024.1-2
python3-ufolib2	0.16.0+dfsg1-1
python3-unicodedata2	15.1.0+ds-1build1
python3-venv	3.12.3-0ubuntu2.1
python3-wheel	0.42.0-2
python3-yaml	6.0.1-2build2
python3.12	3.12.3-1ubuntu0.17
python3.12-dev	3.12.3-1ubuntu0.17
python3.12-minimal	3.12.3-1ubuntu0.17
python3.12-venv	3.12.3-1ubuntu0.17
qemu-user	1:8.2.2+ds-0ubuntu1.18
readline-common	8.2-4build1
rpcsvc-proto	1.4.2-0ubuntu7
scons	4.5.2+dfsg-1
sed	4.9-2ubuntu0.24.04.1
sensible-utils	0.0.22
sysvinit-utils	3.08-6ubuntu3
tar	1.35+dfsg-3ubuntu0.4
tk8.6-blt2.5	2.5.3+dfsg-7build1
tzdata	2026c-0ubuntu0.24.04.1
ubuntu-keyring	2023.11.28.1
ucf	3.0043+nmu1
unicode-data	15.1.0-1
unminimize	0.2.1
util-linux	2.39.3-9ubuntu6.5
x11-common	1:7.7+23ubuntu3
xz-utils	5.6.1+really5.4.5-1ubuntu0.3
zlib1g:amd64	1:1.3.dfsg-3.1ubuntu2.2
zlib1g-dev:amd64	1:1.3.dfsg-3.1ubuntu2.2
